{
  "analysis": {
    "packageName": "shepherd.js",
    "packageVersion": "12.0.2",
    "types": { "kind": "included" },
    "buildTools": {
      "@arethetypeswrong/cli": "^0.15.3",
      "typescript": "^5.4.5",
      "rollup": "^4.17.2"
    },
    "entrypoints": {
      ".": {
        "subpath": ".",
        "resolutions": {
          "node10": {
            "name": ".",
            "resolutionKind": "node10",
            "resolution": {
              "fileName": "/node_modules/shepherd.js/dist/cjs/shepherd.d.cts",
              "isJson": false,
              "isTypeScript": true,
              "trace": [
                "======== Resolving module 'shepherd.js' from '/index.ts'. ========",
                "Explicitly specified module resolution kind: 'Node10'.",
                "Loading module 'shepherd.js' from 'node_modules' folder, target file types: TypeScript, Declaration.",
                "Searching all ancestor node_modules directories for preferred extensions: TypeScript, Declaration.",
                "Found 'package.json' at '/node_modules/shepherd.js/package.json'.",
                "File name '/node_modules/shepherd.js' has a '.js' extension - stripping it.",
                "File '/node_modules/shepherd.ts' does not exist.",
                "File '/node_modules/shepherd.tsx' does not exist.",
                "File '/node_modules/shepherd.d.ts' does not exist.",
                "File '/node_modules/shepherd.js.ts' does not exist.",
                "File '/node_modules/shepherd.js.tsx' does not exist.",
                "File '/node_modules/shepherd.js.d.ts' does not exist.",
                "'package.json' does not have a 'typesVersions' field.",
                "'package.json' does not have a 'typings' field.",
                "'package.json' does not have a 'types' field.",
                "'package.json' has 'main' field './dist/cjs/shepherd.cjs' that references '/node_modules/shepherd.js/dist/cjs/shepherd.cjs'.",
                "File '/node_modules/shepherd.js/dist/cjs/shepherd.cjs' exists - use it as a name resolution result.",
                "File '/node_modules/shepherd.js/dist/cjs/shepherd.cjs' has an unsupported extension, so skipping it.",
                "Loading module as file / folder, candidate module location '/node_modules/shepherd.js/dist/cjs/shepherd.cjs', target file types: TypeScript, Declaration.",
                "File name '/node_modules/shepherd.js/dist/cjs/shepherd.cjs' has a '.cjs' extension - stripping it.",
                "File '/node_modules/shepherd.js/dist/cjs/shepherd.cts' does not exist.",
                "File '/node_modules/shepherd.js/dist/cjs/shepherd.d.cts' exists - use it as a name resolution result.",
                "======== Module name 'shepherd.js' was successfully resolved to '/node_modules/shepherd.js/dist/cjs/shepherd.d.cts' with Package ID 'shepherd.js/dist/cjs/shepherd.d.cts@12.0.2'. ========"
              ]
            },
            "implementationResolution": {
              "fileName": "/node_modules/shepherd.js/dist/cjs/shepherd.cjs",
              "isJson": false,
              "isTypeScript": false,
              "trace": [
                "======== Resolving module 'shepherd.js' from '/index.ts'. ========",
                "Explicitly specified module resolution kind: 'Node10'.",
                "Loading module 'shepherd.js' from 'node_modules' folder, target file types: TypeScript.",
                "Searching all ancestor node_modules directories for preferred extensions: TypeScript.",
                "Found 'package.json' at '/node_modules/shepherd.js/package.json'.",
                "File name '/node_modules/shepherd.js' has a '.js' extension - stripping it.",
                "File '/node_modules/shepherd.ts' does not exist.",
                "File '/node_modules/shepherd.tsx' does not exist.",
                "File '/node_modules/shepherd.js.ts' does not exist.",
                "File '/node_modules/shepherd.js.tsx' does not exist.",
                "'package.json' does not have a 'typesVersions' field.",
                "'package.json' has 'main' field './dist/cjs/shepherd.cjs' that references '/node_modules/shepherd.js/dist/cjs/shepherd.cjs'.",
                "File '/node_modules/shepherd.js/dist/cjs/shepherd.cjs' exists - use it as a name resolution result.",
                "File '/node_modules/shepherd.js/dist/cjs/shepherd.cjs' has an unsupported extension, so skipping it.",
                "Loading module as file / folder, candidate module location '/node_modules/shepherd.js/dist/cjs/shepherd.cjs', target file types: TypeScript.",
                "File name '/node_modules/shepherd.js/dist/cjs/shepherd.cjs' has a '.cjs' extension - stripping it.",
                "File '/node_modules/shepherd.js/dist/cjs/shepherd.cts' does not exist.",
                "File '/node_modules/shepherd.js/dist/cjs/shepherd.cjs.ts' does not exist.",
                "File '/node_modules/shepherd.js/dist/cjs/shepherd.cjs.tsx' does not exist.",
                "Directory '/node_modules/shepherd.js/dist/cjs/shepherd.cjs' does not exist, skipping all lookups in it.",
                "File '/node_modules/shepherd.js/index.ts' does not exist.",
                "File '/node_modules/shepherd.js/index.tsx' does not exist.",
                "Loading module 'shepherd.js' from 'node_modules' folder, target file types: JavaScript, JSON.",
                "Searching all ancestor node_modules directories for fallback extensions: JavaScript, JSON.",
                "File '/node_modules/shepherd.js/package.json' exists according to earlier cached lookups.",
                "File name '/node_modules/shepherd.js' has a '.js' extension - stripping it.",
                "File '/node_modules/shepherd.js' does not exist.",
                "File '/node_modules/shepherd.jsx' does not exist.",
                "File '/node_modules/shepherd.js.js' does not exist.",
                "File '/node_modules/shepherd.js.jsx' does not exist.",
                "'package.json' has 'main' field './dist/cjs/shepherd.cjs' that references '/node_modules/shepherd.js/dist/cjs/shepherd.cjs'.",
                "File '/node_modules/shepherd.js/dist/cjs/shepherd.cjs' exists - use it as a name resolution result.",
                "======== Module name 'shepherd.js' was successfully resolved to '/node_modules/shepherd.js/dist/cjs/shepherd.cjs' with Package ID 'shepherd.js/dist/cjs/shepherd.cjs@12.0.2'. ========"
              ]
            },
            "files": [
              "/node_modules/typescript/lib/lib.d.ts",
              "/node_modules/shepherd.js/dist/cjs/shepherd.d.cts"
            ],
            "visibleProblems": [0]
          },
          "node16-cjs": {
            "name": ".",
            "resolutionKind": "node16-cjs",
            "resolution": {
              "fileName": "/node_modules/shepherd.js/dist/cjs/shepherd.d.cts",
              "isJson": false,
              "isTypeScript": true,
              "trace": [
                "======== Resolving module 'shepherd.js' from '/index.ts'. ========",
                "Explicitly specified module resolution kind: 'Node16'.",
                "Resolving in CJS mode with conditions 'require', 'types', 'node'.",
                "File '/package.json' does not exist.",
                "Loading module 'shepherd.js' from 'node_modules' folder, target file types: TypeScript, JavaScript, Declaration, JSON.",
                "Searching all ancestor node_modules directories for preferred extensions: TypeScript, Declaration.",
                "Found 'package.json' at '/node_modules/shepherd.js/package.json'.",
                "Entering conditional exports.",
                "Saw non-matching condition 'import'.",
                "Matched 'exports' condition 'require'.",
                "Entering conditional exports.",
                "Matched 'exports' condition 'types'.",
                "Using 'exports' subpath '.' with target './dist/cjs/shepherd.d.cts'.",
                "File '/node_modules/shepherd.js/dist/cjs/shepherd.d.cts' exists - use it as a name resolution result.",
                "Resolved under condition 'types'.",
                "Exiting conditional exports.",
                "Resolved under condition 'require'.",
                "Exiting conditional exports.",
                "======== Module name 'shepherd.js' was successfully resolved to '/node_modules/shepherd.js/dist/cjs/shepherd.d.cts' with Package ID 'shepherd.js/dist/cjs/shepherd.d.cts@12.0.2'. ========"
              ]
            },
            "implementationResolution": {
              "fileName": "/node_modules/shepherd.js/dist/cjs/shepherd.cjs",
              "isJson": false,
              "isTypeScript": false,
              "trace": [
                "======== Resolving module 'shepherd.js' from '/index.ts'. ========",
                "Explicitly specified module resolution kind: 'Node16'.",
                "Resolving in CJS mode with conditions 'require', 'node'.",
                "File '/package.json' does not exist.",
                "Loading module 'shepherd.js' from 'node_modules' folder, target file types: TypeScript, JavaScript, JSON.",
                "Searching all ancestor node_modules directories for preferred extensions: TypeScript.",
                "Found 'package.json' at '/node_modules/shepherd.js/package.json'.",
                "Entering conditional exports.",
                "Saw non-matching condition 'import'.",
                "Matched 'exports' condition 'require'.",
                "Entering conditional exports.",
                "Saw non-matching condition 'types'.",
                "Matched 'exports' condition 'default'.",
                "Using 'exports' subpath '.' with target './dist/cjs/shepherd.cjs'.",
                "File name '/node_modules/shepherd.js/dist/cjs/shepherd.cjs' has a '.cjs' extension - stripping it.",
                "File '/node_modules/shepherd.js/dist/cjs/shepherd.cts' does not exist.",
                "Failed to resolve under condition 'default'.",
                "Exiting conditional exports.",
                "Failed to resolve under condition 'require'.",
                "Exiting conditional exports.",
                "Searching all ancestor node_modules directories for fallback extensions: JavaScript, JSON.",
                "File '/node_modules/shepherd.js/package.json' exists according to earlier cached lookups.",
                "Entering conditional exports.",
                "Saw non-matching condition 'import'.",
                "Matched 'exports' condition 'require'.",
                "Entering conditional exports.",
                "Saw non-matching condition 'types'.",
                "Matched 'exports' condition 'default'.",
                "Using 'exports' subpath '.' with target './dist/cjs/shepherd.cjs'.",
                "File name '/node_modules/shepherd.js/dist/cjs/shepherd.cjs' has a '.cjs' extension - stripping it.",
                "File '/node_modules/shepherd.js/dist/cjs/shepherd.cjs' exists - use it as a name resolution result.",
                "Resolved under condition 'default'.",
                "Exiting conditional exports.",
                "Resolved under condition 'require'.",
                "Exiting conditional exports.",
                "======== Module name 'shepherd.js' was successfully resolved to '/node_modules/shepherd.js/dist/cjs/shepherd.cjs' with Package ID 'shepherd.js/dist/cjs/shepherd.cjs@12.0.2'. ========"
              ]
            },
            "files": [
              "/node_modules/typescript/lib/lib.d.ts",
              "/node_modules/shepherd.js/dist/cjs/shepherd.d.cts"
            ],
            "visibleProblems": [1]
          },
          "node16-esm": {
            "name": ".",
            "resolutionKind": "node16-esm",
            "resolution": {
              "fileName": "/node_modules/shepherd.js/dist/esm/shepherd.d.ts",
              "isJson": false,
              "isTypeScript": true,
              "trace": [
                "======== Resolving module 'shepherd.js' from '/index.mts'. ========",
                "Explicitly specified module resolution kind: 'Node16'.",
                "Resolving in ESM mode with conditions 'import', 'types', 'node'.",
                "File '/package.json' does not exist according to earlier cached lookups.",
                "Loading module 'shepherd.js' from 'node_modules' folder, target file types: TypeScript, JavaScript, Declaration, JSON.",
                "Searching all ancestor node_modules directories for preferred extensions: TypeScript, Declaration.",
                "File '/node_modules/shepherd.js/package.json' exists according to earlier cached lookups.",
                "Entering conditional exports.",
                "Matched 'exports' condition 'import'.",
                "Entering conditional exports.",
                "Matched 'exports' condition 'types'.",
                "Using 'exports' subpath '.' with target './dist/esm/shepherd.d.ts'.",
                "File '/node_modules/shepherd.js/dist/esm/shepherd.d.ts' exists - use it as a name resolution result.",
                "Resolved under condition 'types'.",
                "Exiting conditional exports.",
                "Resolved under condition 'import'.",
                "Exiting conditional exports.",
                "======== Module name 'shepherd.js' was successfully resolved to '/node_modules/shepherd.js/dist/esm/shepherd.d.ts' with Package ID 'shepherd.js/dist/esm/shepherd.d.ts@12.0.2'. ========"
              ]
            },
            "implementationResolution": {
              "fileName": "/node_modules/shepherd.js/dist/esm/shepherd.mjs",
              "isJson": false,
              "isTypeScript": false,
              "trace": [
                "======== Resolving module 'shepherd.js' from '/index.mts'. ========",
                "Explicitly specified module resolution kind: 'Node16'.",
                "Resolving in ESM mode with conditions 'import', 'node'.",
                "File '/package.json' does not exist according to earlier cached lookups.",
                "Loading module 'shepherd.js' from 'node_modules' folder, target file types: TypeScript, JavaScript, JSON.",
                "Searching all ancestor node_modules directories for preferred extensions: TypeScript.",
                "File '/node_modules/shepherd.js/package.json' exists according to earlier cached lookups.",
                "Entering conditional exports.",
                "Matched 'exports' condition 'import'.",
                "Entering conditional exports.",
                "Saw non-matching condition 'types'.",
                "Matched 'exports' condition 'default'.",
                "Using 'exports' subpath '.' with target './dist/esm/shepherd.mjs'.",
                "File name '/node_modules/shepherd.js/dist/esm/shepherd.mjs' has a '.mjs' extension - stripping it.",
                "File '/node_modules/shepherd.js/dist/esm/shepherd.mts' does not exist.",
                "Failed to resolve under condition 'default'.",
                "Exiting conditional exports.",
                "Failed to resolve under condition 'import'.",
                "Saw non-matching condition 'require'.",
                "Exiting conditional exports.",
                "Searching all ancestor node_modules directories for fallback extensions: JavaScript, JSON.",
                "File '/node_modules/shepherd.js/package.json' exists according to earlier cached lookups.",
                "Entering conditional exports.",
                "Matched 'exports' condition 'import'.",
                "Entering conditional exports.",
                "Saw non-matching condition 'types'.",
                "Matched 'exports' condition 'default'.",
                "Using 'exports' subpath '.' with target './dist/esm/shepherd.mjs'.",
                "File name '/node_modules/shepherd.js/dist/esm/shepherd.mjs' has a '.mjs' extension - stripping it.",
                "File '/node_modules/shepherd.js/dist/esm/shepherd.mjs' exists - use it as a name resolution result.",
                "Resolved under condition 'default'.",
                "Exiting conditional exports.",
                "Resolved under condition 'import'.",
                "Exiting conditional exports.",
                "Resolution of non-relative name failed; trying with modern Node resolution features disabled to see if npm library needs configuration update.",
                "File '/package.json' does not exist according to earlier cached lookups.",
                "Loading module 'shepherd.js' from 'node_modules' folder, target file types: TypeScript.",
                "Searching all ancestor node_modules directories for preferred extensions: TypeScript.",
                "File '/node_modules/shepherd.js/package.json' exists according to earlier cached lookups.",
                "'package.json' does not have a 'typesVersions' field.",
                "'package.json' has 'main' field './dist/cjs/shepherd.cjs' that references '/node_modules/shepherd.js/dist/cjs/shepherd.cjs'.",
                "File '/node_modules/shepherd.js/dist/cjs/shepherd.cjs' exists - use it as a name resolution result.",
                "File '/node_modules/shepherd.js/dist/cjs/shepherd.cjs' has an unsupported extension, so skipping it.",
                "Loading module as file / folder, candidate module location '/node_modules/shepherd.js/dist/cjs/shepherd.cjs', target file types: TypeScript.",
                "File name '/node_modules/shepherd.js/dist/cjs/shepherd.cjs' has a '.cjs' extension - stripping it.",
                "File '/node_modules/shepherd.js/dist/cjs/shepherd.cts' does not exist.",
                "Directory '/node_modules/shepherd.js/dist/cjs/shepherd.cjs' does not exist, skipping all lookups in it.",
                "======== Module name 'shepherd.js' was successfully resolved to '/node_modules/shepherd.js/dist/esm/shepherd.mjs' with Package ID 'shepherd.js/dist/esm/shepherd.mjs@12.0.2'. ========"
              ]
            },
            "files": [
              "/node_modules/typescript/lib/lib.d.ts",
              "/node_modules/shepherd.js/dist/esm/evented.d.ts",
              "/node_modules/shepherd.js/dist/esm/step.d.ts",
              "/node_modules/shepherd.js/dist/esm/utils/datarequest.d.ts",
              "/node_modules/shepherd.js/dist/esm/tour.d.ts",
              "/node_modules/shepherd.js/dist/esm/shepherd.d.ts"
            ],
            "visibleProblems": []
          },
          "bundler": {
            "name": ".",
            "resolutionKind": "bundler",
            "resolution": {
              "fileName": "/node_modules/shepherd.js/dist/esm/shepherd.d.ts",
              "isJson": false,
              "isTypeScript": true,
              "trace": [
                "======== Resolving module 'shepherd.js' from '/index.ts'. ========",
                "Explicitly specified module resolution kind: 'Bundler'.",
                "Resolving in CJS mode with conditions 'import', 'types'.",
                "File '/package.json' does not exist.",
                "Loading module 'shepherd.js' from 'node_modules' folder, target file types: TypeScript, JavaScript, Declaration, JSON.",
                "Searching all ancestor node_modules directories for preferred extensions: TypeScript, Declaration.",
                "Found 'package.json' at '/node_modules/shepherd.js/package.json'.",
                "Entering conditional exports.",
                "Matched 'exports' condition 'import'.",
                "Entering conditional exports.",
                "Matched 'exports' condition 'types'.",
                "Using 'exports' subpath '.' with target './dist/esm/shepherd.d.ts'.",
                "File '/node_modules/shepherd.js/dist/esm/shepherd.d.ts' exists - use it as a name resolution result.",
                "Resolved under condition 'types'.",
                "Exiting conditional exports.",
                "Resolved under condition 'import'.",
                "Exiting conditional exports.",
                "======== Module name 'shepherd.js' was successfully resolved to '/node_modules/shepherd.js/dist/esm/shepherd.d.ts' with Package ID 'shepherd.js/dist/esm/shepherd.d.ts@12.0.2'. ========"
              ]
            },
            "implementationResolution": {
              "fileName": "/node_modules/shepherd.js/dist/esm/shepherd.mjs",
              "isJson": false,
              "isTypeScript": false,
              "trace": [
                "======== Resolving module 'shepherd.js' from '/index.ts'. ========",
                "Explicitly specified module resolution kind: 'Bundler'.",
                "Resolving in CJS mode with conditions 'import'.",
                "File '/package.json' does not exist.",
                "Loading module 'shepherd.js' from 'node_modules' folder, target file types: TypeScript, JavaScript, JSON.",
                "Searching all ancestor node_modules directories for preferred extensions: TypeScript.",
                "Found 'package.json' at '/node_modules/shepherd.js/package.json'.",
                "Entering conditional exports.",
                "Matched 'exports' condition 'import'.",
                "Entering conditional exports.",
                "Saw non-matching condition 'types'.",
                "Matched 'exports' condition 'default'.",
                "Using 'exports' subpath '.' with target './dist/esm/shepherd.mjs'.",
                "File name '/node_modules/shepherd.js/dist/esm/shepherd.mjs' has a '.mjs' extension - stripping it.",
                "File '/node_modules/shepherd.js/dist/esm/shepherd.mts' does not exist.",
                "Failed to resolve under condition 'default'.",
                "Exiting conditional exports.",
                "Failed to resolve under condition 'import'.",
                "Saw non-matching condition 'require'.",
                "Exiting conditional exports.",
                "Searching all ancestor node_modules directories for fallback extensions: JavaScript, JSON.",
                "File '/node_modules/shepherd.js/package.json' exists according to earlier cached lookups.",
                "Entering conditional exports.",
                "Matched 'exports' condition 'import'.",
                "Entering conditional exports.",
                "Saw non-matching condition 'types'.",
                "Matched 'exports' condition 'default'.",
                "Using 'exports' subpath '.' with target './dist/esm/shepherd.mjs'.",
                "File name '/node_modules/shepherd.js/dist/esm/shepherd.mjs' has a '.mjs' extension - stripping it.",
                "File '/node_modules/shepherd.js/dist/esm/shepherd.mjs' exists - use it as a name resolution result.",
                "Resolved under condition 'default'.",
                "Exiting conditional exports.",
                "Resolved under condition 'import'.",
                "Exiting conditional exports.",
                "Resolution of non-relative name failed; trying with modern Node resolution features disabled to see if npm library needs configuration update.",
                "File '/package.json' does not exist according to earlier cached lookups.",
                "Loading module 'shepherd.js' from 'node_modules' folder, target file types: TypeScript.",
                "Searching all ancestor node_modules directories for preferred extensions: TypeScript.",
                "File '/node_modules/shepherd.js/package.json' exists according to earlier cached lookups.",
                "File name '/node_modules/shepherd.js' has a '.js' extension - stripping it.",
                "File '/node_modules/shepherd.ts' does not exist.",
                "File '/node_modules/shepherd.tsx' does not exist.",
                "File '/node_modules/shepherd.js.ts' does not exist.",
                "File '/node_modules/shepherd.js.tsx' does not exist.",
                "'package.json' does not have a 'typesVersions' field.",
                "'package.json' has 'main' field './dist/cjs/shepherd.cjs' that references '/node_modules/shepherd.js/dist/cjs/shepherd.cjs'.",
                "File '/node_modules/shepherd.js/dist/cjs/shepherd.cjs' exists - use it as a name resolution result.",
                "File '/node_modules/shepherd.js/dist/cjs/shepherd.cjs' has an unsupported extension, so skipping it.",
                "Loading module as file / folder, candidate module location '/node_modules/shepherd.js/dist/cjs/shepherd.cjs', target file types: TypeScript.",
                "File name '/node_modules/shepherd.js/dist/cjs/shepherd.cjs' has a '.cjs' extension - stripping it.",
                "File '/node_modules/shepherd.js/dist/cjs/shepherd.cts' does not exist.",
                "File '/node_modules/shepherd.js/dist/cjs/shepherd.cjs.ts' does not exist.",
                "File '/node_modules/shepherd.js/dist/cjs/shepherd.cjs.tsx' does not exist.",
                "Directory '/node_modules/shepherd.js/dist/cjs/shepherd.cjs' does not exist, skipping all lookups in it.",
                "File '/node_modules/shepherd.js/index.ts' does not exist.",
                "File '/node_modules/shepherd.js/index.tsx' does not exist.",
                "======== Module name 'shepherd.js' was successfully resolved to '/node_modules/shepherd.js/dist/esm/shepherd.mjs' with Package ID 'shepherd.js/dist/esm/shepherd.mjs@12.0.2'. ========"
              ]
            },
            "files": [
              "/node_modules/typescript/lib/lib.d.ts",
              "/node_modules/shepherd.js/dist/esm/evented.d.ts",
              "/node_modules/shepherd.js/dist/esm/step.d.ts",
              "/node_modules/shepherd.js/dist/esm/utils/datarequest.d.ts",
              "/node_modules/shepherd.js/dist/esm/tour.d.ts",
              "/node_modules/shepherd.js/dist/esm/shepherd.d.ts"
            ],
            "visibleProblems": []
          }
        },
        "hasTypes": true,
        "isWildcard": false
      },
      "./*": {
        "subpath": "./*",
        "resolutions": {
          "node10": {
            "name": "./*",
            "resolutionKind": "node10",
            "isWildcard": true,
            "visibleProblems": []
          },
          "node16-cjs": {
            "name": "./*",
            "resolutionKind": "node16-cjs",
            "isWildcard": true,
            "visibleProblems": []
          },
          "node16-esm": {
            "name": "./*",
            "resolutionKind": "node16-esm",
            "isWildcard": true,
            "visibleProblems": []
          },
          "bundler": {
            "name": "./*",
            "resolutionKind": "bundler",
            "isWildcard": true,
            "visibleProblems": []
          }
        },
        "hasTypes": false,
        "isWildcard": true
      }
    },
    "programInfo": {
      "node10": {},
      "node16": {
        "moduleKinds": {
          "/node_modules/typescript/lib/lib.d.ts": {
            "detectedKind": 1,
            "detectedReason": "no:type",
            "reasonFileName": "/node_modules/typescript/lib/lib.d.ts"
          },
          "/node_modules/shepherd.js/dist/cjs/shepherd.d.cts": {
            "detectedKind": 1,
            "detectedReason": "extension",
            "reasonFileName": "/node_modules/shepherd.js/dist/cjs/shepherd.d.cts"
          },
          "/node_modules/shepherd.js/dist/cjs/shepherd.cjs": {
            "detectedKind": 1,
            "detectedReason": "extension",
            "reasonFileName": "/node_modules/shepherd.js/dist/cjs/shepherd.cjs"
          },
          "/node_modules/shepherd.js/dist/esm/evented.d.ts": {
            "detectedKind": 99,
            "detectedReason": "type",
            "reasonFileName": "/node_modules/shepherd.js/package.json"
          },
          "/node_modules/shepherd.js/dist/esm/step.d.ts": {
            "detectedKind": 99,
            "detectedReason": "type",
            "reasonFileName": "/node_modules/shepherd.js/package.json"
          },
          "/node_modules/shepherd.js/dist/esm/utils/datarequest.d.ts": {
            "detectedKind": 99,
            "detectedReason": "type",
            "reasonFileName": "/node_modules/shepherd.js/package.json"
          },
          "/node_modules/shepherd.js/dist/esm/tour.d.ts": {
            "detectedKind": 99,
            "detectedReason": "type",
            "reasonFileName": "/node_modules/shepherd.js/package.json"
          },
          "/node_modules/shepherd.js/dist/esm/shepherd.d.ts": {
            "detectedKind": 99,
            "detectedReason": "type",
            "reasonFileName": "/node_modules/shepherd.js/package.json"
          },
          "/node_modules/shepherd.js/dist/esm/shepherd.mjs": {
            "detectedKind": 99,
            "detectedReason": "extension",
            "reasonFileName": "/node_modules/shepherd.js/dist/esm/shepherd.mjs"
          }
        }
      },
      "bundler": {}
    },
    "problems": [
      {
        "kind": "InternalResolutionError",
        "resolutionOption": "node10",
        "fileName": "/node_modules/shepherd.js/dist/cjs/shepherd.d.cts",
        "moduleSpecifier": "./tour.ts",
        "pos": 24,
        "end": 36,
        "trace": [
          "======== Resolving module './tour.ts' from '/node_modules/shepherd.js/dist/cjs/shepherd.d.cts'. ========",
          "Explicitly specified module resolution kind: 'Node10'.",
          "Loading module as file / folder, candidate module location '/node_modules/shepherd.js/dist/cjs/tour.ts', target file types: TypeScript, Declaration.",
          "File name '/node_modules/shepherd.js/dist/cjs/tour.ts' has a '.ts' extension - stripping it.",
          "File '/node_modules/shepherd.js/dist/cjs/tour.ts' does not exist.",
          "File '/node_modules/shepherd.js/dist/cjs/tour.tsx' does not exist.",
          "File '/node_modules/shepherd.js/dist/cjs/tour.d.ts' does not exist.",
          "File '/node_modules/shepherd.js/dist/cjs/tour.ts.ts' does not exist.",
          "File '/node_modules/shepherd.js/dist/cjs/tour.ts.tsx' does not exist.",
          "File '/node_modules/shepherd.js/dist/cjs/tour.ts.d.ts' does not exist.",
          "Directory '/node_modules/shepherd.js/dist/cjs/tour.ts' does not exist, skipping all lookups in it.",
          "Loading module as file / folder, candidate module location '/node_modules/shepherd.js/dist/cjs/tour.ts', target file types: JavaScript, JSON.",
          "File name '/node_modules/shepherd.js/dist/cjs/tour.ts' has a '.ts' extension - stripping it.",
          "File '/node_modules/shepherd.js/dist/cjs/tour.js' does not exist.",
          "File '/node_modules/shepherd.js/dist/cjs/tour.jsx' does not exist.",
          "File '/node_modules/shepherd.js/dist/cjs/tour.ts.js' does not exist.",
          "File '/node_modules/shepherd.js/dist/cjs/tour.ts.jsx' does not exist.",
          "Directory '/node_modules/shepherd.js/dist/cjs/tour.ts' does not exist, skipping all lookups in it.",
          "======== Module name './tour.ts' was not resolved. ========"
        ]
      },
      {
        "kind": "InternalResolutionError",
        "resolutionOption": "node16",
        "fileName": "/node_modules/shepherd.js/dist/cjs/shepherd.d.cts",
        "moduleSpecifier": "./tour.ts",
        "pos": 24,
        "end": 36,
        "resolutionMode": 1,
        "trace": [
          "======== Resolving module './tour.ts' from '/node_modules/shepherd.js/dist/cjs/shepherd.d.cts'. ========",
          "Explicitly specified module resolution kind: 'Node16'.",
          "Resolving in CJS mode with conditions 'require', 'types', 'node'.",
          "Loading module as file / folder, candidate module location '/node_modules/shepherd.js/dist/cjs/tour.ts', target file types: TypeScript, JavaScript, Declaration, JSON.",
          "File name '/node_modules/shepherd.js/dist/cjs/tour.ts' has a '.ts' extension - stripping it.",
          "File '/node_modules/shepherd.js/dist/cjs/tour.ts' does not exist.",
          "File '/node_modules/shepherd.js/dist/cjs/tour.tsx' does not exist.",
          "File '/node_modules/shepherd.js/dist/cjs/tour.d.ts' does not exist.",
          "File '/node_modules/shepherd.js/dist/cjs/tour.js' does not exist.",
          "File '/node_modules/shepherd.js/dist/cjs/tour.jsx' does not exist.",
          "File '/node_modules/shepherd.js/dist/cjs/tour.ts.ts' does not exist.",
          "File '/node_modules/shepherd.js/dist/cjs/tour.ts.tsx' does not exist.",
          "File '/node_modules/shepherd.js/dist/cjs/tour.ts.d.ts' does not exist.",
          "File '/node_modules/shepherd.js/dist/cjs/tour.ts.js' does not exist.",
          "File '/node_modules/shepherd.js/dist/cjs/tour.ts.jsx' does not exist.",
          "Directory '/node_modules/shepherd.js/dist/cjs/tour.ts' does not exist, skipping all lookups in it.",
          "======== Module name './tour.ts' was not resolved. ========"
        ]
      }
    ]
  },
  "problems": {
    "InternalResolutionError": [
      {
        "kind": "InternalResolutionError",
        "resolutionOption": "node10",
        "fileName": "/node_modules/shepherd.js/dist/cjs/shepherd.d.cts",
        "moduleSpecifier": "./tour.ts",
        "pos": 24,
        "end": 36,
        "trace": [
          "======== Resolving module './tour.ts' from '/node_modules/shepherd.js/dist/cjs/shepherd.d.cts'. ========",
          "Explicitly specified module resolution kind: 'Node10'.",
          "Loading module as file / folder, candidate module location '/node_modules/shepherd.js/dist/cjs/tour.ts', target file types: TypeScript, Declaration.",
          "File name '/node_modules/shepherd.js/dist/cjs/tour.ts' has a '.ts' extension - stripping it.",
          "File '/node_modules/shepherd.js/dist/cjs/tour.ts' does not exist.",
          "File '/node_modules/shepherd.js/dist/cjs/tour.tsx' does not exist.",
          "File '/node_modules/shepherd.js/dist/cjs/tour.d.ts' does not exist.",
          "File '/node_modules/shepherd.js/dist/cjs/tour.ts.ts' does not exist.",
          "File '/node_modules/shepherd.js/dist/cjs/tour.ts.tsx' does not exist.",
          "File '/node_modules/shepherd.js/dist/cjs/tour.ts.d.ts' does not exist.",
          "Directory '/node_modules/shepherd.js/dist/cjs/tour.ts' does not exist, skipping all lookups in it.",
          "Loading module as file / folder, candidate module location '/node_modules/shepherd.js/dist/cjs/tour.ts', target file types: JavaScript, JSON.",
          "File name '/node_modules/shepherd.js/dist/cjs/tour.ts' has a '.ts' extension - stripping it.",
          "File '/node_modules/shepherd.js/dist/cjs/tour.js' does not exist.",
          "File '/node_modules/shepherd.js/dist/cjs/tour.jsx' does not exist.",
          "File '/node_modules/shepherd.js/dist/cjs/tour.ts.js' does not exist.",
          "File '/node_modules/shepherd.js/dist/cjs/tour.ts.jsx' does not exist.",
          "Directory '/node_modules/shepherd.js/dist/cjs/tour.ts' does not exist, skipping all lookups in it.",
          "======== Module name './tour.ts' was not resolved. ========"
        ]
      },
      {
        "kind": "InternalResolutionError",
        "resolutionOption": "node16",
        "fileName": "/node_modules/shepherd.js/dist/cjs/shepherd.d.cts",
        "moduleSpecifier": "./tour.ts",
        "pos": 24,
        "end": 36,
        "resolutionMode": 1,
        "trace": [
          "======== Resolving module './tour.ts' from '/node_modules/shepherd.js/dist/cjs/shepherd.d.cts'. ========",
          "Explicitly specified module resolution kind: 'Node16'.",
          "Resolving in CJS mode with conditions 'require', 'types', 'node'.",
          "Loading module as file / folder, candidate module location '/node_modules/shepherd.js/dist/cjs/tour.ts', target file types: TypeScript, JavaScript, Declaration, JSON.",
          "File name '/node_modules/shepherd.js/dist/cjs/tour.ts' has a '.ts' extension - stripping it.",
          "File '/node_modules/shepherd.js/dist/cjs/tour.ts' does not exist.",
          "File '/node_modules/shepherd.js/dist/cjs/tour.tsx' does not exist.",
          "File '/node_modules/shepherd.js/dist/cjs/tour.d.ts' does not exist.",
          "File '/node_modules/shepherd.js/dist/cjs/tour.js' does not exist.",
          "File '/node_modules/shepherd.js/dist/cjs/tour.jsx' does not exist.",
          "File '/node_modules/shepherd.js/dist/cjs/tour.ts.ts' does not exist.",
          "File '/node_modules/shepherd.js/dist/cjs/tour.ts.tsx' does not exist.",
          "File '/node_modules/shepherd.js/dist/cjs/tour.ts.d.ts' does not exist.",
          "File '/node_modules/shepherd.js/dist/cjs/tour.ts.js' does not exist.",
          "File '/node_modules/shepherd.js/dist/cjs/tour.ts.jsx' does not exist.",
          "Directory '/node_modules/shepherd.js/dist/cjs/tour.ts' does not exist, skipping all lookups in it.",
          "======== Module name './tour.ts' was not resolved. ========"
        ]
      }
    ]
  }
}
