{
  "solution": {
    "@shepherdpro/pro-js": {
      "impact": "patch",
      "oldVersion": "1.3.0",
      "newVersion": "1.3.1",
      "constraints": [
        {
          "impact": "patch",
          "reason": "Has dependency `workspace:*` on shepherd.js"
        }
      ],
      "pkgJSONPath": "./packages/pro-js/package.json"
    },
    "react-shepherd": {
      "impact": "patch",
      "oldVersion": "6.1.0",
      "newVersion": "6.1.1",
      "constraints": [
        {
          "impact": "patch",
          "reason": "Has dependency `workspace:*` on shepherd.js"
        }
      ],
      "pkgJSONPath": "./packages/react/package.json"
    },
    "shepherd.js": {
      "impact": "patch",
      "oldVersion": "13.0.2",
      "newVersion": "13.0.3",
      "constraints": [
        {
          "impact": "patch",
          "reason": "Appears in changelog section :house: Internal"
        }
      ],
      "pkgJSONPath": "./shepherd.js/package.json"
    }
  },
  "description": "## Release (2024-08-05)\n\n@shepherdpro/pro-js 1.3.1 (patch)\nreact-shepherd 6.1.1 (patch)\nshepherd.js 13.0.3 (patch)\n\n#### :house: Internal\n* `shepherd-docs`, `landing`\n  * [#2944](https://github.com/shepherd-pro/shepherd/pull/2944) 🐛 Fix pnpm version in Dockerfiles ([@chuckcarpenter](https://github.com/chuckcarpenter))\n* `landing`, `shepherd.js`, `cypress-tests`, `unit-tests`\n  * [#2938](https://github.com/shepherd-pro/shepherd/pull/2938) ✨ Landing: Add storyblok CMS ([@chuckcarpenter](https://github.com/chuckcarpenter))\n\n#### Committers: 1\n- Chuck Carpenter ([@chuckcarpenter](https://github.com/chuckcarpenter))\n"
}
